,cik,date,name,value,variable
183,0000072741,1957-01-01,Eversource Energy,ES,added_ticker
228,0000874766,1957-01-01,Hartford Financial Svc.Gp.,HIG,added_ticker
435,0001113169,1957-01-01,T. Rowe Price Group,TROW,added_ticker
349,0001111711,1957-01-01,NiSource Inc.,NI,added_ticker
185,0001109357,1957-01-01,Exelon Corp.,EXC,added_ticker
421,0000092122,1957-01-01,Southern Co.,SO,added_ticker
320,0001099219,1957-01-01,MetLife Inc.,MET,added_ticker
107,0000093410,1957-01-01,Chevron Corp.,CVX,added_ticker
426,0000093751,1957-01-01,State Street Corp.,STT,added_ticker
442,0000097476,1957-01-01,Texas Instruments,TXN,added_ticker
444,0000097745,1957-01-01,Thermo Fisher Scientific,TMO,added_ticker
453,0000100493,1957-01-01,Tyson Foods,TSN,added_ticker
459,0000100885,1957-01-01,Union Pacific Corp,UNP,added_ticker
464,0000101829,1957-01-01,United Technologies,UTX,added_ticker
169,0001065088,1957-01-01,eBay Inc.,EBAY,added_ticker
331,0001059556,1957-01-01,Moody's Corp,MCO,added_ticker
383,0000080424,1957-01-01,Procter & Gamble,PG,added_ticker
492,0000106535,1957-01-01,Weyerhaeuser,WY,added_ticker
380,0000079879,1957-01-01,PPG Industries,PPG,added_ticker
371,0000077476,1957-01-01,PepsiCo Inc.,PEP,added_ticker
258,0000051434,1957-01-01,International Paper,IP,added_ticker
277,0000055067,1957-01-01,Kellogg Co.,K,added_ticker
280,0000055785,1957-01-01,Kimberly-Clark,KMB,added_ticker
286,0000056873,1957-01-01,Kroger Co.,KR,added_ticker
292,0000058492,1957-01-01,Leggett & Platt,LEG,added_ticker
300,0000060086,1957-01-01,Loews Corp.,L,added_ticker
314,0000063754,1957-01-01,McCormick & Co.,MKC,added_ticker
423,0000064040,1957-01-01,"S&P Global, Inc.",SPGI,added_ticker
141,0000064803,1957-01-01,CVS Health,CVS,added_ticker
129,0001163165,1957-01-01,ConocoPhillips,COP,added_ticker
175,0000065984,1957-01-01,Entergy Corp.,ETR,added_ticker
0,0000066740,1957-01-01,3M Company,MMM,added_ticker
334,0000068505,1957-01-01,Motorola Solutions Inc.,MSI,added_ticker
497,0000072903,1957-01-01,Xcel Energy Inc,XEL,added_ticker
353,0000073124,1957-01-01,Northern Trust Corp.,NTRS,added_ticker
374,0000078003,1957-01-01,Pfizer Inc.,PFE,added_ticker
493,0000106640,1957-01-01,Whirlpool Corp.,WHR,added_ticker
498,0000108772,1957-01-01,Xerox,XRX,added_ticker
309,0001048286,1957-01-01,Marriott Int'l.,MAR,added_ticker
27,0000764180,1957-01-01,Altria Group Inc,MO,added_ticker
381,0000922224,1957-01-01,PPL Corp.,PPL,added_ticker
377,0000764622,1957-01-01,Pinnacle West Capital,PNW,added_ticker
387,0000788784,1957-01-01,Public Serv. Enterprise Inc.,PEG,added_ticker
227,0000793952,1957-01-01,Harley-Davidson,HOG,added_ticker
305,0000794367,1957-01-01,Macy's Inc.,M,added_ticker
393,0000804328,1957-01-01,QUALCOMM Inc.,QCOM,added_ticker
477,0000899689,1957-01-01,Vornado Realty Trust,VNO,added_ticker
483,0000823768,1957-01-01,Waste Management Inc.,WM,added_ticker
171,0000827052,1957-01-01,Edison Int'l,EIX,added_ticker
425,0000829224,1957-01-01,Starbucks Corp.,SBUX,added_ticker
332,0000895421,1957-01-01,Morgan Stanley,MS,added_ticker
284,0000885639,1957-01-01,Kohl's Corp.,KSS,added_ticker
211,0000831259,1957-01-01,Freeport-McMoRan Inc.,FCX,added_ticker
142,0000882184,1957-01-01,D. R. Horton,DHI,added_ticker
317,0000927653,1957-01-01,McKesson Corp.,MCK,added_ticker
161,0000936340,1957-01-01,DTE Energy Co.,DTE,added_ticker
144,0000940944,1957-01-01,Darden Restaurants,DRI,added_ticker
484,0001000697,1957-01-01,Waters Corporation,WAT,added_ticker
130,0001047862,1957-01-01,Consolidated Edison,ED,added_ticker
397,0001047122,1957-01-01,Raytheon Co.,RTN,added_ticker
288,0000202058,1957-01-01,L3Harris Technologies,LHX,added_ticker
275,0001043604,1957-01-01,Juniper Networks,JNPR,added_ticker
319,0000310158,1957-01-01,Merck & Co.,MRK,added_ticker
143,0000313616,1957-01-01,Danaher Corp.,DHR,added_ticker
146,0000315189,1957-01-01,Deere & Co.,DE,added_ticker
256,0000051143,1957-01-01,International Business Machines,IBM,added_ticker
283,0000319201,1957-01-01,KLA Corporation,KLAC,added_ticker
415,0001032208,1957-01-01,Sempra Energy,SRE,added_ticker
197,0001031296,1957-01-01,FirstEnergy Corp,FE,added_ticker
405,0001024478,1957-01-01,Rockwell Automation Inc.,ROK,added_ticker
352,0000702165,1957-01-01,Norfolk Southern Corp.,NSC,added_ticker
158,0000715957,1957-01-01,Dominion Energy,D,added_ticker
414,0001012100,1957-01-01,Sealed Air,SEE,added_ticker
367,0000723531,1957-01-01,Paychex Inc.,PAYX,added_ticker
468,0001035002,1957-01-01,Valero Energy,VLO,added_ticker
246,0000049196,1957-01-01,Huntington Bancshares,HBAN,added_ticker
437,0001116132,1957-01-01,"Tapestry, Inc.",TPR,added_ticker
475,0001339947,1957-01-01,Viacom Inc.,VIAB,added_ticker
210,0000038777,1957-01-01,Franklin Resources,BEN,added_ticker
204,0000037996,1957-01-01,Ford Motor,F,added_ticker
303,0000036270,1957-01-01,M&T Bank Corp.,MTB,added_ticker
456,0000036104,1957-01-01,U.S. Bancorp,USB,added_ticker
196,0000035527,1957-01-01,Fifth Third Bancorp,FITB,added_ticker
189,0000034088,1957-01-01,Exxon Mobil Corp.,XOM,added_ticker
361,0000029989,1957-01-01,Omnicom Group,OMC,added_ticker
134,0000024741,1957-01-01,Corning Inc.,GLW,added_ticker
124,0000021665,1957-01-01,Colgate-Palmolive,CL,added_ticker
122,0000021344,1957-01-01,Coca-Cola Company,KO,added_ticker
94,0000018230,1957-01-01,Caterpillar Inc.,CAT,added_ticker
88,0000016732,1957-01-01,Campbell Soup,CPB,added_ticker
245,0000049071,1957-01-01,Humana Inc.,HUM,added_ticker
81,0000014272,1957-01-01,Bristol-Myers Squibb,BMY,added_ticker
76,0000012927,1957-01-01,Boeing Company,BA,added_ticker
491,0001636023,1957-01-01,WestRock,WRK,added_ticker
32,0000004904,1957-01-01,American Electric Power,AEP,added_ticker
164,0001666700,1957-01-01,DuPont de Nemours Inc,DD,added_ticker
64,0001701605,1957-01-01,"Baker Hughes, a GE Company",BHGE,added_ticker
215,0000040533,1957-01-01,General Dynamics,GD,added_ticker
216,0000040545,1957-01-01,General Electric,GE,added_ticker
168,0001551182,1957-01-01,Eaton Corporation,ETN,added_ticker
234,0000047111,1957-01-01,The Hershey Company,HSY,added_ticker
225,0000045012,1957-01-01,Halliburton Co.,HAL,added_ticker
490,0001365135,1957-01-01,Western Union Co,WU,added_ticker
53,0000004281,1964-03-31,Arconic Inc.,ARNC,added_ticker
241,0000773840,1964-03-31,Honeywell Int'l Inc.,HON,added_ticker
1,0000001800,1964-03-31,Abbott Laboratories,ABT,added_ticker
416,0000089800,1964-06-30,Sherwin-Williams,SHW,added_ticker
140,0000026172,1965-03-31,Cummins Inc.,CMI,added_ticker
412,0000087347,1965-03-31,Schlumberger Ltd.,SLB,added_ticker
174,0000032604,1965-03-31,Emerson Electric Company,EMR,added_ticker
139,0000277948,1967-09-30,CSX Corp.,CSX,added_ticker
119,0000021076,1969-03-31,The Clorox Company,CLX,added_ticker
217,0000040704,1969-03-31,General Mills,GIS,added_ticker
343,0001164727,1969-06-30,Newmont Goldcorp,NEM,added_ticker
316,0000063908,1970-06-30,McDonald's Corp.,MCD,added_ticker
295,0000059478,1970-12-31,Lilly (Eli) & Co.,LLY,added_ticker
68,0000010456,1972-09-30,Baxter International Inc.,BAX,added_ticker
70,0000010795,1972-09-30,Becton Dickinson,BDX,added_ticker
272,0000200406,1973-06-30,Johnson & Johnson,JNJ,added_ticker
219,0000040987,1973-12-31,Genuine Parts,GPC,added_ticker
244,0000047217,1974-12-31,HP Inc.,HPQ,added_ticker
494,0000107263,1975-03-31,Williams Cos.,WMB,added_ticker
274,0000019617,1975-06-30,JPMorgan Chase & Co.,JPM,added_ticker
260,0000051253,1976-03-31,Intl Flavors & Fragrances,IFF,added_ticker
482,0001001039,1976-06-30,The Walt Disney Company,DIS,added_ticker
328,0000024545,1976-06-30,Molson Coors Brewing Company,TAP,added_ticker
162,0001326160,1976-06-30,Duke Energy,DUK,added_ticker
111,0000701221,1976-06-30,CIGNA Corp.,CI,added_ticker
346,0000753308,1976-06-30,NextEra Energy,NEE,added_ticker
33,0000004962,1976-06-30,American Express Co,AXP,added_ticker
487,0000072971,1976-06-30,Wells Fargo,WFC,added_ticker
296,0000059558,1976-06-30,Lincoln National,LNC,added_ticker
66,0000070858,1976-06-30,Bank of America Corp,BAC,added_ticker
254,0000050863,1976-12-31,Intel Corp.,INTC,added_ticker
438,0000027419,1976-12-31,Target Corp.,TGT,added_ticker
443,0000217346,1978-12-31,Textron Inc.,TXT,added_ticker
467,0000103379,1979-06-30,V.F. Corp.,VFC,added_ticker
481,0001618921,1979-12-31,Walgreens Boots Alliance,WBA,added_ticker
34,0000005272,1980-03-31,American International Group,AIG,added_ticker
364,0000075362,1980-12-31,PACCAR Inc.,PCAR,added_ticker
194,0001048911,1980-12-31,FedEx Corporation,FDX,added_ticker
60,0000008670,1981-03-31,Automatic Data Processing,ADP,added_ticker
224,0000277135,1981-06-30,Grainger (W.W.) Inc.,GWW,added_ticker
312,0000062996,1981-06-30,Masco Corp.,MAS,added_ticker
52,0000007084,1981-07-29,Archer-Daniels-Midland Co,ADM,added_ticker
480,0000104169,1982-08-31,Walmart,WMT,added_ticker
424,0000093556,1982-09-30,Stanley Black & Decker,SWK,added_ticker
420,0000091440,1982-09-30,Snap-on,SNA,added_ticker
84,0000014693,1982-10-31,Brown-Forman Corp.,BF.B,added_ticker
49,0000320193,1982-11-30,Apple Inc.,AAPL,added_ticker
360,0000797468,1982-12-31,Occidental Petroleum,OXY,added_ticker
127,0000023217,1983-08-31,Conagra Brands,CAG,added_ticker
287,0000701985,1983-09-30,L Brands Inc.,LB,added_ticker
58,0000732717,1983-11-30,AT&T Inc.,T,added_ticker
473,0000732712,1983-11-30,Verizon Communications,VZ,added_ticker
301,0000060667,1984-02-29,Lowe's Cos.,LOW,added_ticker
389,0000822416,1984-04-30,Pulte Homes Inc.,PHM,added_ticker
235,0000004447,1984-05-31,Hess Corporation,HES,added_ticker
299,0000936468,1984-07-31,Lockheed Martin Corp.,LMT,added_ticker
229,0000046080,1984-09-30,Hasbro Inc.,HAS,added_ticker
65,0000009389,1984-10-31,Ball Corp,BLL,added_ticker
486,0001279363,1985-01-01,WellCare,WCG,added_ticker
357,0000073309,1985-04-30,Nucor Corp.,NUE,added_ticker
13,0000002969,1985-04-30,Air Products & Chemicals Inc,APD,added_ticker
372,0000031791,1985-05-31,PerkinElmer,PKI,added_ticker
354,0001133421,1985-06-30,Northrop Grumman,NOC,added_ticker
101,0001130310,1985-07-31,CenterPoint Energy,CNP,added_ticker
447,0000109198,1985-09-30,TJX Companies Inc.,TJX,added_ticker
159,0000029905,1985-10-31,Dover Corp.,DOV,added_ticker
366,0000076334,1985-11-30,Parker-Hannifin,PH,added_ticker
251,0000049826,1986-02-28,Illinois Tool Works,ITW,added_ticker
212,0000039911,1986-08-31,Gap Inc.,GPS,added_ticker
351,0000072333,1986-08-31,Nordstrom,JWN,added_ticker
318,0001613103,1986-10-31,Medtronic plc,MDT,added_ticker
75,0000012659,1986-11-30,Block H&R,HRB,added_ticker
433,0000096021,1986-12-31,Sysco Corp.,SYY,added_ticker
310,0000062709,1987-08-31,Marsh & McLennan,MMC,added_ticker
63,0000008818,1987-12-31,Avery Dennison Corp,AVY,added_ticker
240,0000354950,1988-03-31,Home Depot,HD,added_ticker
379,0000713676,1988-04-30,PNC Financial Services,PNC,added_ticker
428,0000750556,1988-05-31,SunTrust Banks,STI,added_ticker
116,0000831001,1988-05-31,Citigroup Inc.,C,added_ticker
348,0000320187,1988-11-30,Nike,NKE,added_ticker
170,0000031462,1989-01-31,Ecolab Inc.,ECL,added_ticker
342,0000814453,1989-04-30,Newell Brands,NWL,added_ticker
221,0000320335,1989-04-30,Globe Life Inc.,GL,added_ticker
363,0001341439,1989-08-31,Oracle Corp.,ORCL,added_ticker
59,0000769397,1989-12-01,Autodesk Inc.,ADSK,added_ticker
306,0000101778,1991-05-01,Marathon Oil Corp.,MRO,added_ticker
30,0001002910,1991-09-19,Ameren Corp,AEE,added_ticker
40,0000318154,1992-01-02,Amgen Inc.,AMGN,added_ticker
297,0001707925,1992-07-01,Linde plc,LIN,added_ticker
259,0000051644,1992-10-01,Interpublic Group,IPG,added_ticker
136,0000909832,1993-10-01,Costco Wholesale Corp.,COST,added_ticker
115,0000858877,1993-12-01,Cisco Systems,CSCO,added_ticker
167,0000915389,1994-01-01,Eastman Chemical,EMN,added_ticker
278,0000091576,1994-03-01,KeyCorp,KEY,added_ticker
466,0000005513,1994-03-01,Unum Group,UNM,added_ticker
325,0000789019,1994-06-01,Microsoft Corp.,MSFT,added_ticker
461,0000731766,1994-07-01,United Health Group Inc.,UNH,added_ticker
422,0000092380,1994-07-01,Southwest Airlines,LUV,added_ticker
97,0000813828,1994-09-01,CBS Corp.,CBS,added_ticker
324,0000723125,1994-09-27,Micron Technology,MU,added_ticker
80,0000885725,1995-02-24,Boston Scientific,BSX,added_ticker
50,0000006951,1995-03-16,Applied Materials Inc.,AMAT,added_ticker
67,0001390777,1995-03-31,The Bank of New York Mellon Corp.,BK,added_ticker
24,0000899051,1995-07-13,Allstate Corp,ALL,added_ticker
126,0000028412,1995-12-01,Comerica Inc.,CMA,added_ticker
45,0000315293,1996-04-23,Aon plc,AON,added_ticker
61,0000866787,1997-01-02,AutoZone Inc,AZO,added_ticker
6,0000796343,1997-05-05,Adobe Systems Inc,ADBE,added_ticker
91,0000721371,1997-05-27,Cardinal Health Inc.,CAH,added_ticker
105,0000316709,1997-06-02,Charles Schwab Corporation,SCHW,added_ticker
177,0000033185,1997-06-19,Equifax Inc.,EFX,added_ticker
47,0000006769,1997-07-28,Apache Corporation,APA,added_ticker
384,0000080661,1997-08-04,Progressive Corp.,PGR,added_ticker
501,0001041061,1997-10-06,Yum! Brands Inc,YUM,added_ticker
69,0000092230,1997-12-04,BB&T Corporation,BBT,added_ticker
113,0000020286,1997-12-18,Cincinnati Financial,CINF,added_ticker
89,0000927628,1998-07-01,Capital One Financial,COF,added_ticker
401,0001281761,1998-08-28,Regions Financial Corp.,RF,added_ticker
9,0000874761,1998-10-02,AES Corp,AES,added_ticker
93,0000815097,1998-12-22,Carnival Corp.,CCL,added_ticker
102,0000018926,1999-03-25,CenturyLink Inc,CTL,added_ticker
21,0001578845,1999-04-12,"Allergan, Plc",AGN,added_ticker
121,0000811156,1999-05-03,CMS Energy,CMS,added_ticker
11,0000004977,1999-05-28,AFLAC Inc,AFL,added_ticker
340,0001002047,1999-06-25,NetApp,NTAP,added_ticker
72,0000764478,1999-06-29,Best Buy Co. Inc.,BBY,added_ticker
478,0001396009,1999-06-30,Vulcan Materials,VMC,added_ticker
42,0000006281,1999-10-12,"Analog Devices, Inc.",ADI,added_ticker
499,0000743988,1999-11-08,Xilinx,XLNX,added_ticker
118,0000877890,1999-12-01,Citrix Systems,CTXS,added_ticker
12,0001090872,2000-06-05,Agilent Technologies Inc,A,added_ticker
445,0000098246,2000-06-21,Tiffany & Co.,TIF,added_ticker
149,0001090012,2000-08-30,Devon Energy,DVN,added_ticker
176,0000821189,2000-11-02,EOG Resources,EOG,added_ticker
711,,2000-12-05,Owens-Illinois,OI,removed_ticker
926,,2000-12-05,Allegheny Energy,AYE,added_ticker
712,,2000-12-05,W.R. Grace,GRA,removed_ticker
713,,2000-12-05,Crown Holdings,CCK,removed_ticker
925,,2000-12-05,Symbol Technologies,SBL,added_ticker
404,0000315213,2000-12-05,Robert Half International,RHI,added_ticker
710,,2000-12-05,Bethlehem Steel,BS,removed_ticker
927,,2000-12-05,Ambac Financial,ABK,added_ticker
261,0000896878,2000-12-05,Intuit Inc.,INTU,added_ticker
427,0000310764,2000-12-12,Stryker Corp.,SYK,added_ticker
114,0000723254,2001-03-01,Cintas Corporation,CTAS,added_ticker
199,0000798354,2001-04-02,Fiserv Inc,FISV,added_ticker
503,0000109380,2001-06-22,Zions Bancorp,ZION,added_ticker
502,0001136869,2001-08-07,Zimmer Biomet Holdings,ZBH,added_ticker
38,0001140859,2001-08-30,AmerisourceBergen Corp,ABC,added_ticker
358,0001045810,2001-11-30,Nvidia Corporation,NVDA,added_ticker
179,0000906107,2001-12-03,Equity Residential,EQR,added_ticker
417,0001063761,2002-06-26,Simon Property Group Inc,SPG,added_ticker
462,0001090727,2002-07-22,United Parcel Service,UPS,added_ticker
173,0000712515,2002-07-22,Electronic Arts,EA,added_ticker
382,0001126328,2002-07-22,Principal Financial Group,PFG,added_ticker
223,0000886982,2002-07-22,Goldman Sachs Group,GS,added_ticker
386,0001137774,2002-07-22,Prudential Financial,PRU,added_ticker
44,0001156039,2002-07-25,Anthem,ANTM,added_ticker
451,0000086312,2002-08-21,The Travelers Companies Inc.,TRV,added_ticker
394,0001022079,2002-12-12,Quest Diagnostics,DGX,added_ticker
48,0000922864,2003-03-14,Apartment Investment & Management,AIV,added_ticker
430,0000849399,2003-03-25,Symantec Corp.,SYMC,added_ticker
385,0001045609,2003-07-17,Prologis,PLD,added_ticker
709,,2003-09-25,Quintiles Transnational,QTRN,removed_ticker
923,,2003-09-25,Express Scripts,ESRX,added_ticker
73,0000875045,2003-11-13,Biogen Inc.,BIIB,added_ticker
166,0001015780,2004-03-31,E*Trade,ETFC,added_ticker
336,0001623613,2004-04-23,Mylan N.V.,MYL,added_ticker
220,0000882095,2004-07-01,Gilead Sciences,GILD,added_ticker
289,0000920148,2004-11-01,Laboratory Corp. of America Holding,LH,added_ticker
338,0001021860,2005-03-14,National Oilwell Varco Inc.,NOV,added_ticker
708,,2005-07-01,Great Lakes Chemical,GLK,removed_ticker
131,0000016918,2005-07-01,Constellation Brands,STZ,added_ticker
388,0001393311,2005-08-19,Public Storage,PSA,added_ticker
37,0000820027,2005-10-03,Ameriprise Financial,AMP,added_ticker
294,0000920760,2005-10-04,Lennar Corp.,LEN,added_ticker
28,0001018724,2005-11-18,Amazon.com Inc.,AMZN,added_ticker
181,0001001250,2006-01-05,Estee Lauder Cos.,EL,added_ticker
471,0001014473,2006-02-01,Verisign Inc.,VRSN,added_ticker
79,0001037540,2006-04-03,Boston Properties,BXP,added_ticker
26,0001652044,2006-04-03,Alphabet Inc Class C,GOOG,added_ticker
281,0000879101,2006-04-04,Kimco Realty,KIM,added_ticker
120,0001156375,2006-08-11,CME Group Inc.,CME,added_ticker
99,0000816284,2006-11-06,Celgene Corp.,CELG,added_ticker
195,0001136893,2006-11-10,Fidelity National Information Services,FIS,added_ticker
96,0001138118,2006-11-10,CBRE Group,CBRE,added_ticker
123,0001058290,2006-11-17,Cognizant Technology Solutions,CTSH,added_ticker
62,0000915912,2007-01-10,"AvalonBay Communities, Inc.",AVB,added_ticker
707,,2007-01-10,Symbol Technologies,SBL,removed_ticker
395,0001037038,2007-02-02,Ralph Lauren Corporation,RL,added_ticker
469,0000203527,2007-02-12,Varian Medical Systems,VAR,added_ticker
85,0001043277,2007-03-02,C. H. Robinson Worldwide,CHRW,added_ticker
243,0001070750,2007-03-20,Host Hotels & Resorts,HST,added_ticker
920,,2007-03-30,Kraft Foods,KFT,added_ticker
706,,2007-03-30,Sabre Holdings,TSG,removed_ticker
56,0001267238,2007-04-10,Assurant,AIZ,added_ticker
152,0001393612,2007-07-02,Discover Financial Services,DFS,added_ticker
14,0001086222,2007-07-12,Akamai Technologies Inc,AKAM,added_ticker
705,,2007-08-24,KeySpan,KSE,removed_ticker
919,,2007-08-24,Leucadia National,LUK,added_ticker
270,0000096223,2007-08-27,Jefferies Financial Group,JEF,added_ticker
323,0000827054,2007-09-07,Microchip Technology,MCHP,added_ticker
255,0001571949,2007-09-26,Intercontinental Exchange,ICE,added_ticker
186,0001324424,2007-10-02,Expedia Group,EXPE,added_ticker
350,0000072207,2007-10-08,Noble Energy Inc,NBL,added_ticker
187,0000746515,2007-10-10,Expeditors,EXPD,added_ticker
704,,2007-10-25,Avaya Inc.,AV,removed_ticker
918,,2007-10-25,Jacobs Engineering Group,JEC,added_ticker
268,0000052988,2007-10-26,Jacobs Engineering Group,JEC,added_ticker
35,0001053507,2007-11-19,American Tower Corp.,AMT,added_ticker
917,,2007-12-13,GameStop,GME,added_ticker
703,,2007-12-13,Dow Jones,DJ,removed_ticker
702,,2007-12-20,Tribune Co.,TRB,removed_ticker
916,,2007-12-20,Range Resources,RRC,added_ticker
448,0000721683,2008-01-02,Total System Services,TSS,added_ticker
375,0001413329,2008-03-31,Philip Morris International,PM,added_ticker
231,0000765880,2008-03-31,HCP Inc.,HCP,added_ticker
262,0001035267,2008-06-02,Intuitive Surgical Inc.,ISRG,added_ticker
701,,2008-06-10,Ambac Financial,ABK,removed_ticker
915,,2008-06-10,Lorillard Inc.,LO,added_ticker
86,0000858470,2008-06-23,Cabot Oil & Gas,COG,added_ticker
313,0001141391,2008-07-18,Mastercard Inc.,MA,added_ticker
145,0000927066,2008-07-31,DaVita Inc.,DVA,added_ticker
263,0000914208,2008-08-21,Invesco Ltd.,IVZ,added_ticker
104,0001324404,2008-08-27,CF Industries Holdings Inc,CF,added_ticker
410,0001108524,2008-09-15,Salesforce.com,CRM,added_ticker
378,0001038357,2008-09-24,Pioneer Natural Resources,PXD,added_ticker
41,0000820313,2008-09-30,Amphenol Corp,APH,added_ticker
202,0000030625,2008-10-02,Flowserve Corporation,FLS,added_ticker
337,0001120193,2008-10-22,"Nasdaq, Inc.",NDAQ,added_ticker
485,0000783325,2008-10-31,Wec Energy Group Inc,WEC,added_ticker
271,0000091419,2008-11-06,JM Smucker,SJM,added_ticker
370,0001378946,2008-11-13,People's United Financial,PBCT,added_ticker
496,0001174922,2008-11-14,Wynn Resorts Ltd,WYNN,added_ticker
148,0000818479,2008-11-14,Dentsply Sirona,XRAY,added_ticker
402,0001060391,2008-12-05,Republic Services Inc,RSG,added_ticker
201,0000354908,2009-01-02,FLIR Systems,FLIR,added_ticker
266,0001020569,2009-01-06,Iron Mountain Incorporated,IRM,added_ticker
488,0000766704,2009-01-30,Welltower Inc.,WELL,added_ticker
914,,2009-03-03,Ventas Inc.,VTR,added_ticker
913,,2009-03-03,Hormel Foods,HRL,added_ticker
700,,2009-03-03,Jones Apparel Group,JNY,removed_ticker
699,,2009-03-03,American Capital,ACAS,removed_ticker
242,0000048465,2009-03-04,Hormel Foods Corp.,HRL,added_ticker
470,0000740260,2009-03-04,Ventas Inc,VTR,added_ticker
359,0000898173,2009-03-27,O'Reilly Automotive,ORLY,added_ticker
440,0001681459,2009-06-05,TechnipFMC,FTI,added_ticker
489,0000106040,2009-07-01,Western Digital,WDC,added_ticker
392,0001050915,2009-07-01,Quanta Services Inc.,PWR,added_ticker
203,0000037785,2009-08-19,FMC Corporation,FMC,added_ticker
192,0000815556,2009-09-15,Fastenal Co,FAST,added_ticker
912,,2009-09-28,Airgas Inc,ARG,added_ticker
698,,2009-09-28,Cooper Industries Ltd.,CBE,removed_ticker
911,,2009-11-03,Priceline.com,PCLN,added_ticker
697,,2009-11-03,Schering-Plough Corp.,SGP,removed_ticker
77,0001075531,2009-11-06,Booking Holdings Inc,BKNG,added_ticker
408,0000745732,2009-12-21,Ross Stores,ROST,added_ticker
476,0001403161,2009-12-21,Visa Inc.,V,added_ticker
407,0000882835,2009-12-23,Roper Technologies,ROP,added_ticker
356,0001013871,2010-01-29,NRG Energy,NRG,added_ticker
71,0001067983,2010-02-16,Berkshire Hathaway,BRK.B,added_ticker
910,,2010-02-26,Helmerich & Payne,HP,added_ticker
696,,2010-02-26,IMS Health,RX,removed_ticker
232,0000046765,2010-03-01,Helmerich & Payne,HP,added_ticker
153,0001437107,2010-03-01,Discovery Inc. Class A,DISCA,added_ticker
362,0001039684,2010-03-15,ONEOK,OKE,added_ticker
695,,2010-04-29,BJ Services Company,BJS,removed_ticker
909,,2010-04-29,Cerner Corp.,CERN,added_ticker
103,0000804753,2010-04-30,Cerner,CERN,added_ticker
92,0001170010,2010-06-28,Carmax Inc,KMX,added_ticker
694,,2010-06-28,XTO Energy Inc.,XTO,removed_ticker
907,,2010-06-30,QEP Resources,QEP,added_ticker
693,,2010-06-30,Questar Corp.,STR,removed_ticker
906,,2010-07-14,Chubb Limited,CB,added_ticker
692,,2010-07-14,Millipore Inc.,MIL,removed_ticker
109,0000896159,2010-07-15,Chubb Limited,CB,added_ticker
691,,2010-08-26,Smith International Inc.,SII,removed_ticker
905,,2010-08-26,Tyco International Ltd.,TYC,added_ticker
273,0000833444,2010-08-27,Johnson Controls International,JCI,added_ticker
253,0001466258,2010-11-17,Ingersoll-Rand PLC,IR,added_ticker
689,,2010-12-17,Office Depot Inc.,ODP,removed_ticker
690,,2010-12-17,The New York Times Co.,NYT,removed_ticker
904,,2010-12-17,Newfield Exploration,NFX,added_ticker
688,,2010-12-17,Eastman Kodak Co.,EK,removed_ticker
901,,2010-12-17,Cablevision Systems Corp.,CVC,added_ticker
687,,2010-12-17,King Pharmaceuticals Inc.,KG,removed_ticker
902,,2010-12-17,F5 Networks Inc.,FFIV,added_ticker
903,,2010-12-17,Netflix Inc.,NFLX,added_ticker
341,0001065280,2010-12-20,Netflix Inc.,NFLX,added_ticker
190,0001048695,2010-12-20,F5 Networks,FFIV,added_ticker
900,,2011-02-25,Joy Global Inc.,JOY,added_ticker
686,,2011-02-25,Allegheny Energy Inc.,AYE,removed_ticker
899,,2011-02-28,Covidien Plc,COV,added_ticker
685,,2011-02-28,McAfee Inc.,MFE,removed_ticker
684,,2011-03-31,Qwest Communications,Q,removed_ticker
898,,2011-03-31,Edwards Lifesciences,EW,added_ticker
897,,2011-04-01,BlackRock,BLK,added_ticker
172,0001099800,2011-04-01,Edwards Lifesciences,EW,added_ticker
683,,2011-04-01,Genzyme Corp.,GENZ,removed_ticker
74,0001364742,2011-04-04,BlackRock,BLK,added_ticker
896,,2011-04-27,Chipotle Mexican Grill,CMG,added_ticker
682,,2011-04-27,"Novell, Inc.",NOVL,removed_ticker
108,0001058090,2011-04-28,Chipotle Mexican Grill,CMG,added_ticker
895,,2011-06-01,"Alpha Natural Resources, Inc.",ANR,added_ticker
681,,2011-06-01,Massey Energy Company,MEE,removed_ticker
680,,2011-06-30,RadioShack Corp.,RSH,removed_ticker
894,,2011-06-30,Marathon Petroleum Corp,MPC,added_ticker
307,0001510295,2011-07-01,Marathon Petroleum,MPC,added_ticker
893,,2011-07-05,Accenture plc,ACN,added_ticker
679,,2011-07-05,Marshall & Iisley Corp.,MI,removed_ticker
4,0001467373,2011-07-06,Accenture plc,ACN,added_ticker
678,,2011-09-23,National Semiconductor Corp.,NSM,removed_ticker
892,,2011-09-23,The Mosaic Company,MOS,added_ticker
333,0001285785,2011-09-26,The Mosaic Company,MOS,added_ticker
891,,2011-10-14,TE Connectivity Ltd.,TEL,added_ticker
677,,2011-10-14,Cephalon Inc.,CEPH,removed_ticker
439,0001385157,2011-10-17,TE Connectivity Ltd.,TEL,added_ticker
890,,2011-10-31,Xylem Inc.,XYL,added_ticker
676,,2011-10-31,ITT Corp.,ITT,removed_ticker
500,0001524472,2011-11-01,Xylem Inc.,XYL,added_ticker
675,,2011-11-18,Janus Capital Group,JNS,removed_ticker
889,,2011-11-18,Cooper Industries,CBE,added_ticker
674,,2011-12-12,Nicor Inc.,GAS,removed_ticker
888,,2011-12-12,AGL Resources Inc.,GAS,added_ticker
673,,2011-12-16,MEMC Electronic Materials Inc.,WFR,removed_ticker
885,,2011-12-16,BorgWarner Inc.,BWA,added_ticker
672,,2011-12-16,Monster Worldwide Inc.,MWW,removed_ticker
886,,2011-12-16,Perrigo Co.,PRGO,added_ticker
887,,2011-12-16,Dollar Tree Inc.,DLTR,added_ticker
671,,2011-12-16,AK Steel Holding Corp.,AKS,removed_ticker
373,0001585364,2011-12-19,Perrigo,PRGO,added_ticker
78,0000908255,2011-12-19,BorgWarner,BWA,added_ticker
157,0000935703,2011-12-19,Dollar Tree,DLTR,added_ticker
670,,2011-12-20,Tellabs Inc.,TLAB,removed_ticker
884,,2011-12-20,TripAdvisor Inc.,TRIP,added_ticker
452,0001526520,2011-12-21,TripAdvisor,TRIP,added_ticker
883,,2011-12-31,"WPX Energy, Inc.",WPX,added_ticker
669,,2011-12-31,Compuware,CPWR,removed_ticker
668,,2012-03-13,Constellation Energy Group,CEG,removed_ticker
882,,2012-03-13,Crown Castle International Corp.,CCI,added_ticker
138,0001051470,2012-03-14,Crown Castle International Corp.,CCI,added_ticker
881,,2012-04-03,"Fossil, Inc.",FOSL,added_ticker
667,,2012-04-03,Medco Health Solutions Inc.,MHS,removed_ticker
880,,2012-04-23,Phillips 66,PSX,added_ticker
666,,2012-04-23,Supervalu Inc.,SVU,removed_ticker
376,0001534701,2012-05-01,Phillips 66,PSX,added_ticker
665,,2012-05-17,El Paso Corp.,EP,removed_ticker
879,,2012-05-17,Kinder Morgan,KMI,added_ticker
664,,2012-05-21,Motorola Mobility,MMI,removed_ticker
878,,2012-05-21,Alexion Pharmaceuticals,ALXN,added_ticker
18,0000899866,2012-05-25,Alexion Pharmaceuticals,ALXN,added_ticker
282,0001506307,2012-05-25,Kinder Morgan,KMI,added_ticker
877,,2012-06-05,Lam Research,LRCX,added_ticker
663,,2012-06-05,Novellus Systems,NVLS,removed_ticker
330,0000865752,2012-06-28,Monster Beverage,MNST,added_ticker
662,,2012-06-29,Sara Lee Corp.,SLE,removed_ticker
876,,2012-06-29,Monster Beverage,MNST,added_ticker
290,0000707549,2012-06-29,Lam Research,LRCX,added_ticker
661,,2012-07-02,Progress Energy Inc,PGN,removed_ticker
413,0001137789,2012-07-02,Seagate Technology,STX,added_ticker
874,,2012-07-31,Ensco plc (now Valaris plc,ESV,added_ticker
660,,2012-07-31,Goodrich Corporation,GR,removed_ticker
302,0001489393,2012-09-05,LyondellBasell,LYB,added_ticker
659,,2012-09-05,Sears Holding Corporation,SHLD,removed_ticker
369,0000077360,2012-10-01,Pentair plc,PNR,added_ticker
658,,2012-10-01,"DeVry, Inc.",DV,removed_ticker
871,,2012-10-01,ADT Corp,ADT,added_ticker
657,,2012-10-01,Lexmark Int'l Inc,LXK,removed_ticker
870,,2012-10-02,Kraft Foods Group,KRFT,added_ticker
656,,2012-10-02,Alpha Natural Resources,ANR,removed_ticker
329,0001103982,2012-10-02,Mondelez International,MDLZ,added_ticker
655,,2012-10-10,Sunoco Inc.,SUN,removed_ticker
869,,2012-10-10,"PetSmart, Inc.",PETM,added_ticker
654,,2012-12-03,Cooper Industries,CBE,removed_ticker
156,0000029534,2012-12-03,Dollar General,DG,added_ticker
653,,2012-12-11,R.R. Donnelley,RRD,removed_ticker
867,,2012-12-11,Garmin Ltd.,GRMN,added_ticker
213,0001121788,2012-12-12,Garmin Ltd.,GRMN,added_ticker
866,,2012-12-21,Delphi Automotive,DLPH,added_ticker
652,,2012-12-21,Titanium Metals,TIE,removed_ticker
51,0001521332,2012-12-24,Aptiv Plc,APTV,added_ticker
2,0001551152,2012-12-31,AbbVie Inc.,ABBV,added_ticker
651,,2012-12-31,Federated Investors,FII,removed_ticker
650,,2013-02-15,Big Lots Inc.,BIG,removed_ticker
390,0000078239,2013-02-15,PVH Corp.,PVH,added_ticker
863,,2013-04-30,Regeneron Pharmaceuticals,REGN,added_ticker
649,,2013-04-30,MetroPCS,PCS,removed_ticker
400,0000872589,2013-05-01,Regeneron Pharmaceuticals,REGN,added_ticker
648,,2013-05-08,Coventry Health Care,CVH,removed_ticker
862,,2013-05-08,Macerich,MAC,added_ticker
304,0000912242,2013-05-09,Macerich,MAC,added_ticker
647,,2013-05-23,Dean Foods,DF,removed_ticker
861,,2013-05-23,Kansas City Southern,KSU,added_ticker
276,0000054480,2013-05-24,Kansas City Southern,KSU,added_ticker
218,0001467858,2013-06-06,General Motors,GM,added_ticker
646,,2013-06-06,H. J. Heinz Company,HNZ,removed_ticker
645,,2013-06-21,First Horizon,FHN,removed_ticker
504,0001555280,2013-06-21,Zoetis,ZTS,added_ticker
644,,2013-06-28,Apollo Group Inc.,APOL,removed_ticker
858,,2013-06-28,21st Century Fox,FOXA,added_ticker
208,0001308161,2013-07-01,Fox Corporation Class A,FOXA,added_ticker
643,,2013-07-08,Sprint Nextel Corp.,S,removed_ticker
857,,2013-07-08,Nielsen Holdings,NLSN,added_ticker
347,0001492633,2013-07-09,Nielsen Holdings,NLSN,added_ticker
344,0001564708,2013-08-01,News Corp. Class A,NWSA,added_ticker
856,,2013-09-10,Delta Air Lines,DAL,added_ticker
642,,2013-09-10,BMC Software,BMC,removed_ticker
147,0000027904,2013-09-11,Delta Air Lines Inc.,DAL,added_ticker
854,,2013-09-20,Vertex Pharmaceuticals,VRTX,added_ticker
855,,2013-09-20,Ametek,AME,added_ticker
641,,2013-09-20,SAIC,SAI,removed_ticker
640,,2013-09-20,Advanced Micro Devices,AMD,removed_ticker
39,0001037868,2013-09-23,AMETEK Inc.,AME,added_ticker
474,0000875320,2013-09-23,Vertex Pharmaceuticals Inc,VRTX,added_ticker
639,,2013-10-29,"Dell, Inc.",DELL,removed_ticker
853,,2013-10-29,Transocean,RIG,added_ticker
638,,2013-11-13,NYSE Euronext,NYX,removed_ticker
852,,2013-11-13,Michael Kors,KORS,added_ticker
90,0001530721,2013-11-13,Capri Holdings,CPRI,added_ticker
637,,2013-12-02,J.C. Penney,JCP,removed_ticker
20,0001579241,2013-12-02,Allegion,ALLE,added_ticker
850,,2013-12-10,General Growth Properties,GGP,added_ticker
636,,2013-12-10,Molex Inc.,MOLX,removed_ticker
633,,2013-12-23,Abercrombie & Fitch,ANF,removed_ticker
634,,2013-12-23,JDS Uniphase,JDSU,removed_ticker
635,,2013-12-23,Teradyne,TER,removed_ticker
327,0000851968,2013-12-23,Mohawk Industries,MHK,added_ticker
191,0001326801,2013-12-23,"Facebook, Inc.",FB,added_ticker
22,0001101215,2013-12-23,Alliance Data Systems,ADS,added_ticker
449,0000916365,2014-01-24,Tractor Supply Company,TSCO,added_ticker
632,,2014-01-24,Life Technologies,LIFE,removed_ticker
631,,2014-03-21,"WPX Energy, Inc.",WPX,removed_ticker
845,,2014-03-21,Keurig Green Mountain,GMCR,added_ticker
180,0000920522,2014-04-02,"Essex Property Trust, Inc.",ESS,added_ticker
630,,2014-04-02,Cliffs Natural Resources,CLF,removed_ticker
25,0001652044,2014-04-03,Alphabet Inc Class A,GOOGL,added_ticker
628,,2014-05-01,Beam Inc.,BEAM,removed_ticker
629,,2014-05-01,SLM Corporation,SLM,removed_ticker
458,0001336917,2014-05-01,Under Armour Class C,UA,added_ticker
842,,2014-05-01,Navient,NAVI,added_ticker
627,,2014-05-08,LSI Corporation,LSI,removed_ticker
82,0001730168,2014-05-08,Broadcom Inc.,AVGO,added_ticker
626,,2014-06-20,International Game Technology,IGT,removed_ticker
839,,2014-06-20,Cimarex Energy,XEC,added_ticker
112,0001168054,2014-06-21,Cimarex Energy,XEC,added_ticker
10,0001004434,2014-07-01,Affiliated Managers Group Inc,AMG,added_ticker
625,,2014-07-01,Forest Laboratories,FRX,removed_ticker
311,0000916076,2014-07-02,Martin Marietta Materials,MLM,added_ticker
624,,2014-07-02,United States Steel Corporation,X,removed_ticker
836,,2014-08-06,Discovery Communications,DISCK,added_ticker
154,0001437107,2014-08-07,Discovery Inc. Class C,DISCK,added_ticker
835,,2014-08-18,Mallinckrodt Plc,MNK,added_ticker
623,,2014-08-18,Rowan Companies plc,RDC,removed_ticker
463,0001067701,2014-09-20,"United Rentals, Inc.",URI,added_ticker
465,0000352915,2014-09-20,"Universal Health Services, Inc.",UHS,added_ticker
622,,2014-09-20,Graham Holdings,GHC,removed_ticker
621,,2014-09-20,Peabody Energy,BTU,removed_ticker
620,,2014-11-05,Jabil Circuit,JBL,removed_ticker
832,,2014-11-05,Level 3 Communications,LVLT,added_ticker
409,0000884887,2014-12-05,Royal Caribbean Cruises Ltd,RCL,added_ticker
619,,2014-12-05,Bemis Company,BMS,removed_ticker
618,,2015-01-27,Covidien,COV,removed_ticker
830,,2015-01-27,Endo International,ENDP,added_ticker
617,,2015-01-27,Safeway Inc,SWY,removed_ticker
230,0000860730,2015-01-27,HCA Healthcare,HCA,added_ticker
616,,2015-03-12,PetSmart Inc.,PETM,removed_ticker
418,0000004127,2015-03-12,Skyworks Solutions,SWKS,added_ticker
233,0001000228,2015-03-17,Henry Schein,HSIC,added_ticker
827,,2015-03-18,Henry Schein,HSIC,added_ticker
615,,2015-03-18,Carefusion,CFN,removed_ticker
226,0001359841,2015-03-20,Hanesbrands Inc,HBI,added_ticker
419,0001040971,2015-03-20,SL Green Realty,SLG,added_ticker
178,0001101239,2015-03-20,Equinix,EQIX,added_ticker
825,,2015-03-23,SL Green Realty,SLG,added_ticker
612,,2015-03-23,Denbury Resources,DNR,removed_ticker
613,,2015-03-23,Nabors Industries,NBR,removed_ticker
614,,2015-03-23,Avon Products,AVP,removed_ticker
824,,2015-03-23,Equinix,EQIX,added_ticker
611,,2015-03-23,"Allergan, Inc",AGN,removed_ticker
826,,2015-03-23,Hanesbrands,HBI,added_ticker
31,0000006201,2015-03-23,American Airlines Group,AAL,added_ticker
610,,2015-04-07,Windstream Holdings Inc,WIN,removed_ticker
398,0000726728,2015-04-07,Realty Income Corporation,O,added_ticker
391,0001604778,2015-06-11,Qorvo,QRVO,added_ticker
609,,2015-06-11,Lorillard Inc.,LO,removed_ticker
820,,2015-07-01,Baxalta,BXLT,added_ticker
608,,2015-07-01,QEP Resources,QEP,removed_ticker
269,0000728535,2015-07-01,J. B. Hunt Transport Services,JBHT,added_ticker
607,,2015-07-01,Integrys Energy Group Inc.,TEG,removed_ticker
818,,2015-07-02,Columbia Pipeline Group,CPGX,added_ticker
606,,2015-07-02,Allegheny Technologies,ATI,removed_ticker
605,,2015-07-06,Kraft Foods Group,KRFT,removed_ticker
285,0001637459,2015-07-06,Kraft Heinz Co,KHC,added_ticker
816,,2015-07-08,Advance Auto Parts,AAP,added_ticker
604,,2015-07-08,Family Dollar Stores Inc.,FDO,removed_ticker
8,0001158449,2015-07-09,Advance Auto Parts,AAP,added_ticker
603,,2015-07-20,Noble Corp,NE,removed_ticker
368,0001633917,2015-07-20,PayPal,PYPL,added_ticker
602,,2015-07-29,DirecTV,DTV,removed_ticker
814,,2015-07-29,Signet Jewelers,SIG,added_ticker
601,,2015-08-28,Pall Corp,PLL,removed_ticker
813,,2015-08-28,Activision Blizzard,ATVI,added_ticker
5,0000718877,2015-08-31,Activision Blizzard,ATVI,added_ticker
812,,2015-09-02,United Continental Holdings,UAL,added_ticker
600,,2015-09-02,Hospira Inc,HSP,removed_ticker
460,0000100517,2015-09-03,United Airlines Holdings,UAL,added_ticker
209,0001308161,2015-09-18,Fox Corporation Class B,FOX,added_ticker
345,0001564708,2015-09-18,News Corp. Class B,NWS,added_ticker
809,,2015-09-18,Comcast Class K Special,CMCSK,added_ticker
125,0001166691,2015-09-18,Comcast Corp.,CMCSA,added_ticker
808,,2015-10-07,Verisk Analytics,VRSK,added_ticker
599,,2015-10-07,Joy Global,JOY,removed_ticker
472,0001442145,2015-10-08,Verisk Analytics,VRSK,added_ticker
598,,2015-11-02,Hudson City Bancorp Inc,HCBK,removed_ticker
236,0001645590,2015-11-02,Hewlett Packard Enterprise,HPE,added_ticker
431,0001601712,2015-11-18,Synchrony Financial,SYF,added_ticker
597,,2015-11-18,Genworth Financial,GNW,removed_ticker
252,0001110803,2015-11-19,Illumina Inc,ILMN,added_ticker
596,,2015-11-19,Sigma-Aldrich Corp,SIAL,removed_ticker
804,,2015-12-01,CSRA Inc,CSRA,added_ticker
595,,2015-12-01,Computer Sciences Corp,CSC,removed_ticker
594,,2015-12-15,Comcast K Corp,CMCSK,removed_ticker
593,,2015-12-29,Altera Corp,ALTR,removed_ticker
110,0000313927,2015-12-29,Church & Dwight,CHD,added_ticker
495,0001140536,2016-01-05,Willis Towers Watson,WLTW,added_ticker
592,,2016-01-05,Fossil Group,FOSL,removed_ticker
591,,2016-01-19,Chubb Corp,CB,removed_ticker
188,0001289490,2016-01-19,Extra Space Storage,EXR,added_ticker
117,0000759944,2016-01-29,Citizens Financial Group,CFG,added_ticker
799,,2016-02-01,Citizens Financial Group,CFG,added_ticker
590,,2016-02-01,Broadcom Corporation,BRCM,removed_ticker
589,,2016-02-01,Precision Castparts Corp.,PCP,removed_ticker
193,0000034903,2016-02-01,Federal Realty Investment Trust,FRT,added_ticker
128,0001358071,2016-02-22,Concho Resources,CXO,added_ticker
588,,2016-02-22,Plum Creek Timber,PCL,removed_ticker
587,,2016-03-04,Consol Energy,CNX,removed_ticker
36,0001410636,2016-03-04,American Water Works Company Inc,AWK,added_ticker
454,0000074208,2016-03-07,"UDR, Inc.",UDR,added_ticker
586,,2016-03-07,Keurig Green Mountain,GMCR,removed_ticker
457,0001336917,2016-03-25,Under Armour Class A,UAA,added_ticker
239,0000859737,2016-03-30,Hologic,HOLX,added_ticker
584,,2016-03-30,Pepco Holdings Inc,POM,removed_ticker
100,0001071739,2016-03-30,Centene Corporation,CNC,added_ticker
585,,2016-03-30,Ensco plc (now Valaris plc,ESV,removed_ticker
583,,2016-04-04,Cameron International,CAM,removed_ticker
793,,2016-04-04,Foot Locker Inc,FL,added_ticker
455,0001403568,2016-04-18,Ulta Beauty,ULTA,added_ticker
582,,2016-04-18,Tenet Healthcare,THC,removed_ticker
581,,2016-04-25,GameStop,GME,removed_ticker
222,0001123360,2016-04-25,Global Payments Inc.,GPN,added_ticker
580,,2016-05-03,ADT Corp,ADT,removed_ticker
790,,2016-05-03,Acuity Brands Inc,AYI,added_ticker
15,0000766421,2016-05-13,Alaska Air Group Inc,ALK,added_ticker
579,,2016-05-13,SanDisk Corporation,SNDK,removed_ticker
578,,2016-05-18,Time Warner Cable,TWC,removed_ticker
151,0001297996,2016-05-18,Digital Realty Trust Inc,DLR,added_ticker
298,0001065696,2016-05-23,LKQ Corporation,LKQ,added_ticker
577,,2016-05-23,Airgas Inc,ARG,removed_ticker
576,,2016-05-31,Coca-Cola Enterprises,CCE,removed_ticker
55,0000354190,2016-05-31,Arthur J. Gallagher & Co.,AJG,added_ticker
450,0001260221,2016-06-03,TransDigm Group,TDG,added_ticker
575,,2016-06-03,Baxalta Inc,BXLT,removed_ticker
784,,2016-06-20,Under Armour Class C,UA-C,added_ticker
207,0001519751,2016-06-22,Fortune Brands Home & Security,FBHS,added_ticker
574,,2016-06-22,Cablevision Systems,CVC,removed_ticker
16,0000915913,2016-07-01,Albemarle Corp,ALB,added_ticker
206,0001659166,2016-07-01,Fortive Corp,FTV,added_ticker
23,0000352541,2016-07-01,Alliant Energy Corp,LNT,added_ticker
572,,2016-07-01,AGL Resources,GAS,removed_ticker
573,,2016-07-01,TECO Energy,TE,removed_ticker
571,,2016-07-05,Columbia Pipeline Group,CPGX,removed_ticker
780,,2016-07-05,Fortive Corp,FTV,added_ticker
321,0001037646,2016-09-06,Mettler Toledo,MTD,added_ticker
570,,2016-09-06,Johnson Controls Inc,JCI,removed_ticker
106,0001091667,2016-09-08,Charter Communications,CHTR,added_ticker
569,,2016-09-08,EMC Corporation,EMC,removed_ticker
777,,2016-09-22,The Cooper Companies,COO,added_ticker
568,,2016-09-22,Starwood Hotels & Resorts Worldwide Inc,HOT,removed_ticker
132,0000711404,2016-09-23,The Cooper Companies,COO,added_ticker
776,,2016-09-30,"Coty, Inc.",COTY,added_ticker
567,,2016-09-30,Diamond Offshore Drilling,DO,removed_ticker
137,0001024305,2016-10-03,"Coty, Inc",COTY,added_ticker
326,0000912595,2016-12-02,Mid-America Apartments,MAA,added_ticker
775,,2016-12-02,Envision Healthcare,EVHC,added_ticker
566,,2016-12-02,Legg Mason,LM,removed_ticker
565,,2016-12-02,Owens-Illinois,OI,removed_ticker
249,0000874716,2017-01-05,IDEXX Laboratories,IDXX,added_ticker
564,,2017-01-05,St. Jude Medical,STJ,removed_ticker
563,,2017-02-28,Spectra Energy Corp,SE,removed_ticker
257,0000879169,2017-02-28,Incyte,INCY,added_ticker
562,,2017-03-01,Pitney Bowes Inc,PBI,removed_ticker
95,0001374310,2017-03-01,Cboe Global Markets,CBOE,added_ticker
561,,2017-03-02,Endo International plc,ENDP,removed_ticker
399,0000910606,2017-03-02,Regency Centers Corporation,REG,added_ticker
155,0001001082,2017-03-13,Dish Network,DISH,added_ticker
560,,2017-03-13,Linear Technology,LLTC,removed_ticker
432,0000883241,2017-03-16,Synopsys Inc.,SNPS,added_ticker
559,,2017-03-16,Harman Int'l Industries,HAR,removed_ticker
17,0001035443,2017-03-20,Alexandria Real Estate Equities,ARE,added_ticker
556,,2017-03-20,Urban Outfitters,URBN,removed_ticker
7,0000002488,2017-03-20,Advanced Micro Devices Inc,AMD,added_ticker
396,0000720005,2017-03-20,Raymond James Financial Inc.,RJF,added_ticker
558,,2017-03-20,First Solar,FSLR,removed_ticker
557,,2017-03-20,Frontier Communications,FTR,removed_ticker
555,,2017-04-04,Southwestern Energy,SWN,removed_ticker
165,0001688568,2017-04-04,DXC Technology,DXC,added_ticker
214,0000749251,2017-04-05,Gartner Inc,IT,added_ticker
554,,2017-04-05,Dun & Bradstreet,DNB,removed_ticker
553,,2017-06-02,"Tegna, Inc.",TGNA,removed_ticker
250,0001598014,2017-06-02,IHS Markit Ltd.,INFO,added_ticker
43,0001013462,2017-06-19,ANSYS,ANSS,added_ticker
551,,2017-06-19,Ryder Systems Inc.,R,removed_ticker
550,,2017-06-19,Teradata Corp.,TDC,removed_ticker
549,,2017-06-19,Yahoo! Inc.,YHOO,removed_ticker
184,0001095073,2017-06-19,Everest Re Group Ltd.,RE,added_ticker
19,0001097149,2017-06-19,Align Technology,ALGN,added_ticker
237,0001585689,2017-06-19,Hilton Worldwide Holdings Inc,HLT,added_ticker
552,,2017-06-19,Mead Johnson,MJN,removed_ticker
547,,2017-07-26,Mallinckrodt,MNK,removed_ticker
546,,2017-07-26,Murphy Oil,MUR,removed_ticker
545,,2017-07-26,Bed Bath & Beyond,BBBY,removed_ticker
544,,2017-07-26,Transocean,RIG,removed_ticker
548,,2017-07-26,Reynolds American,RAI,removed_ticker
365,0000075677,2017-07-26,Packaging Corporation of America,PKG,added_ticker
403,0000943819,2017-07-26,ResMed,RMD,added_ticker
163,0000783280,2017-07-26,Duke Realty Corp,DRE,added_ticker
322,0000789570,2017-07-26,MGM Resorts International,MGM,added_ticker
46,0000091142,2017-07-26,A.O. Smith Corp,AOS,added_ticker
752,,2017-08-07,Brighthouse Financial Inc,BHF,added_ticker
543,,2017-08-08,AutoNation Inc,AN,removed_ticker
265,0001478242,2017-08-29,IQVIA Holdings Inc.,IQV,added_ticker
542,,2017-08-29,Whole Foods Market,WFM,removed_ticker
751,,2017-08-29,QuintilesIMS,Q,added_ticker
541,,2017-09-01,DuPont,DD,removed_ticker
411,0001034054,2017-09-01,SBA Communications,SBAC,added_ticker
87,0000813672,2017-09-18,Cadence Design Systems,CDNS,added_ticker
540,,2017-09-18,Staples Inc.,SPLS,removed_ticker
355,0001513761,2017-10-13,Norwegian Cruise Line Holdings,NCLH,added_ticker
539,,2017-10-13,Level 3 Communications,LVLT,removed_ticker
247,0001501585,2018-01-03,Huntington Ingalls Industries,HII,added_ticker
538,,2018-01-03,CR Bard,BCR,removed_ticker
264,0001111928,2018-03-07,IPG Photonics Corp.,IPGP,added_ticker
537,,2018-03-07,Scripps Networks Interactive,SNI,removed_ticker
436,0000946581,2018-03-19,Take-Two Interactive,TTWO,added_ticker
535,,2018-03-19,Patterson Companies,PDCO,removed_ticker
534,,2018-03-19,Signet Jewelers,SIG,removed_ticker
429,0000719739,2018-03-19,SVB Financial,SIVB,added_ticker
339,0000906709,2018-03-19,Nektar Therapeutics,NKTR,added_ticker
536,,2018-03-19,Chesapeake Energy,CHK,removed_ticker
533,,2018-04-04,CSRA Inc.,CSRA,removed_ticker
335,0001408198,2018-04-04,MSCI Inc,MSCI,added_ticker
3,0000815094,2018-05-31,ABIOMED Inc,ABMD,added_ticker
532,,2018-05-31,Wyndham Worldwide,WYN,removed_ticker
531,,2018-06-05,Navient Corp,NAVI,removed_ticker
182,0001711269,2018-06-05,Evergy,EVRG,added_ticker
530,,2018-06-07,Monsanto,MON,removed_ticker
446,0001418091,2018-06-07,"Twitter, Inc.",TWTR,added_ticker
528,,2018-06-18,Range Resources,RRC,removed_ticker
529,,2018-06-18,Acuity Brands,AYI,removed_ticker
238,0000048039,2018-06-18,HollyFrontier Corp,HFC,added_ticker
83,0001383312,2018-06-18,Broadridge Financial Solutions,BR,added_ticker
200,0001175454,2018-06-20,FleetCor Technologies Inc,FLT,added_ticker
527,,2018-06-20,Time Warner,TWX,removed_ticker
133,0000900075,2018-07-02,Copart Inc,CPRT,added_ticker
526,,2018-07-02,Dr Pepper Snapple Group,DPS,removed_ticker
525,,2018-08-28,GGP Inc.,GGP,removed_ticker
54,0001596532,2018-08-28,Arista Networks,ANET,added_ticker
524,,2018-09-14,XL Group,XL,removed_ticker
733,,2018-09-14,WellCare,WCG,added_ticker
406,0000084839,2018-10-01,Rollins Inc.,ROL,added_ticker
523,,2018-10-01,Andeavor,ANDV,removed_ticker
205,0001262039,2018-10-11,Fortinet,FTNT,added_ticker
522,,2018-10-11,Envision Healthcare,EVHC,removed_ticker
279,0001601046,2018-11-06,Keysight Technologies,KEYS,added_ticker
521,,2018-11-06,CA Inc.,CA,removed_ticker
520,,2018-11-13,EQT Corp,EQT,removed_ticker
267,0000779152,2018-11-13,Jack Henry & Associates,JKHY,added_ticker
315,0000743316,2018-12-03,Maxim Integrated Products Inc,MXIM,added_ticker
291,0001679273,2018-12-03,Lamb Weston Holdings Inc,LW,added_ticker
150,0001539838,2018-12-03,Diamondback Energy,FANG,added_ticker
517,,2018-12-03,Rockwell Collins,COL,removed_ticker
518,,2018-12-03,Aetna Inc,AET,removed_ticker
519,,2018-12-03,Stericycle,SRCL,removed_ticker
98,0001306830,2018-12-24,Celanese,CE,added_ticker
516,,2018-12-24,Express Scripts,ESRX,removed_ticker
515,,2019-01-02,SCANA,SCG,removed_ticker
198,0001132979,2019-01-02,First Republic Bank,FRC,added_ticker
514,,2019-01-18,PG&E Corp,PCG,removed_ticker
441,0000096943,2019-01-18,Teleflex,TFX,added_ticker
513,,2019-02-15,Newfield Exploration,NFX,removed_ticker
57,0000731802,2019-02-15,Atmos Energy Corp,ATO,added_ticker
479,0000943452,2019-02-27,Wabtec Corporation,WAB,added_ticker
512,,2019-02-27,The Goodyear Tire & Rubber Company,GT,removed_ticker
160,0001751788,2019-04-01,Dow Inc.,DOW,added_ticker
511,,2019-04-02,Brighthouse Financial,BHF,removed_ticker
720,,2019-04-02,Dow Inc.,DOW,added_ticker
135,0001755672,2019-06-03,Corteva,CTVA,added_ticker
510,,2019-06-03,Fluor Corporation,FLR,removed_ticker
509,,2019-06-07,Mattel Inc,MAT,removed_ticker
29,0001748790,2019-06-07,Amcor plc,AMCR,added_ticker
718,,2019-06-07,Bemis Co Inc,BMS,added_ticker
508,,2019-07-01,L3 Technologies,LLL,removed_ticker
308,0001278021,2019-07-01,MarketAxess,MKTX,added_ticker
434,0001283699,2019-07-15,T-Mobile US,TMUS,added_ticker
507,,2019-07-15,Red Hat,RHT,removed_ticker
293,0001336920,2019-08-09,Leidos Holdings,LDOS,added_ticker
505,,2019-08-09,Anadarko Petroleum,APC,removed_ticker
248,0000832101,2019-08-09,IDEX Corporation,IEX,added_ticker
506,,2019-08-09,Foot Locker,FL,removed_ticker
